[{"id":1,"type":"buy","user_id":"23","symbol":"ABX","shares":"30","price":"134","timestamp":1663910484370},{"id":2,"type":"buy","user_id":"23","symbol":"ABX","shares":"30","price":"134","timestamp":1663910518653},{"id":3,"type":"buy","user_id":"23","symbol":"ABX","shares":"30","price":"134","timestamp":1663910521917},{"id":4,"type":"buy","user_id":"23","symbol":"ABX","shares":"30","price":"134","timestamp":1663910585153},{"id":5,"type":"buy","user_id":"23","symbol":"ABX","shares":"30","price":"134","timestamp":1663910594217},{"id":6,"type":"sell","user_id":"25","symbol":"ABX","shares":"30","price":"134","timestamp":1663910627416},{"id":7,"type":"buy","user_id":"45","symbol":"ABX","shares":"30","price":"134","timestamp":1663912103999}]